stack/treiber/16-1000r0.hist,0.21
stack/treiber/16-1100r0.hist,0.25
stack/treiber/16-1200r0.hist,0.27
stack/treiber/16-1300r0.hist,0.28
stack/treiber/16-1400r0.hist,0.31
stack/treiber/16-1500r0.hist,0.33
stack/treiber/16-1600r0.hist,0.41
stack/treiber/16-1700r0.hist,0.42
stack/treiber/16-1800r0.hist,0.48
stack/treiber/16-1900r0.hist,0.48
stack/treiber/16-2000r0.hist,0.58
stack/treiber/16-2200r0.hist,0.63
stack/treiber/16-2100r0.hist,0.65
stack/treiber/16-2300r0.hist,0.62
stack/treiber/16-2400r0.hist,0.64
stack/treiber/16-2500r0.hist,0.68
stack/treiber/16-2600r0.hist,0.74
stack/treiber/16-2700r0.hist,0.76
stack/treiber/16-2800r0.hist,0.77
stack/treiber/16-2900r0.hist,0.79
stack/treiber/16-3000r0.hist,0.77
stack/treiber/16-3100r0.hist,0.87
stack/treiber/16-3200r0.hist,0.90
stack/treiber/16-3300r0.hist,0.86
stack/treiber/16-3400r0.hist,0.93
stack/treiber/16-10000r0.hist,2.66
stack/treiber/16-3500r0.hist,0.92
stack/treiber/16-3600r0.hist,0.90
stack/treiber/16-3700r0.hist,1.01
stack/treiber/16-3800r0.hist,1.06
stack/treiber/16-3900r0.hist,1.06
stack/treiber/16-4000r0.hist,1.15
stack/treiber/16-4200r0.hist,1.11
stack/treiber/16-4300r0.hist,1.04
stack/treiber/16-4100r0.hist,1.15
stack/treiber/16-4400r0.hist,1.14
stack/treiber/16-4500r0.hist,1.14
stack/treiber/16-4600r0.hist,1.10
stack/treiber/16-4700r0.hist,1.11
stack/treiber/16-4800r0.hist,1.27
stack/treiber/16-4900r0.hist,1.19
stack/treiber/16-5000r0.hist,1.24
stack/treiber/16-5100r0.hist,1.25
stack/treiber/16-5200r0.hist,1.29
stack/treiber/16-5300r0.hist,1.31
stack/treiber/16-5400r0.hist,1.26
stack/treiber/16-5500r0.hist,1.45
stack/treiber/16-5600r0.hist,1.42
stack/treiber/16-5700r0.hist,1.43
stack/treiber/16-5800r0.hist,1.42
stack/treiber/16-5900r0.hist,1.50
stack/treiber/16-6000r0.hist,1.47
stack/treiber/16-6100r0.hist,1.49
stack/treiber/16-6200r0.hist,1.38
stack/treiber/16-6300r0.hist,1.48
stack/treiber/16-6500r0.hist,1.35
stack/treiber/16-6400r0.hist,1.62
stack/treiber/16-6600r0.hist,1.70
stack/treiber/16-6800r0.hist,1.67
stack/treiber/16-6700r0.hist,1.88
stack/treiber/16-6900r0.hist,1.71
stack/treiber/16-7000r0.hist,1.76
stack/treiber/16-7100r0.hist,1.63
stack/treiber/16-7200r0.hist,1.91
stack/treiber/16-7400r0.hist,1.79
stack/treiber/16-7300r0.hist,2.25
stack/treiber/16-7500r0.hist,2.01
stack/treiber/16-7600r0.hist,2.00
stack/treiber/16-7700r0.hist,1.86
stack/treiber/16-7800r0.hist,1.96
stack/treiber/16-7900r0.hist,1.87
stack/treiber/16-8000r0.hist,1.92
stack/treiber/16-8100r0.hist,1.85
stack/treiber/16-8200r0.hist,1.95
stack/treiber/16-8400r0.hist,1.81
stack/treiber/16-8300r0.hist,2.06
stack/treiber/16-8500r0.hist,2.05
stack/treiber/16-8600r0.hist,2.13
stack/treiber/16-8700r0.hist,2.05
stack/treiber/16-8900r0.hist,1.80
stack/treiber/16-8800r0.hist,2.24
stack/treiber/16-9100r0.hist,2.00
stack/treiber/16-9000r0.hist,2.19
stack/treiber/16-9200r0.hist,2.07
stack/treiber/16-9300r0.hist,2.38
stack/treiber/32-1000r0.hist,0.23
stack/treiber/16-9400r0.hist,2.28
stack/treiber/16-9500r0.hist,2.23
stack/treiber/32-1100r0.hist,0.24
stack/treiber/32-1200r0.hist,0.27
stack/treiber/32-1300r0.hist,0.30
stack/treiber/16-9600r0.hist,2.09
stack/treiber/32-1400r0.hist,0.34
stack/treiber/32-1500r0.hist,0.37
stack/treiber/32-1600r0.hist,0.38
stack/treiber/16-9700r0.hist,2.27
stack/treiber/32-1700r0.hist,0.43
stack/treiber/32-1800r0.hist,0.51
stack/treiber/16-9800r0.hist,2.28
stack/treiber/32-1900r0.hist,0.57
stack/treiber/16-9900r0.hist,2.28
stack/treiber/32-2000r0.hist,0.52
stack/treiber/32-2100r0.hist,0.59
stack/treiber/32-2200r0.hist,0.59
stack/treiber/32-2300r0.hist,0.60
stack/treiber/32-2500r0.hist,0.60
stack/treiber/32-2400r0.hist,0.64
stack/treiber/32-2600r0.hist,0.64
stack/treiber/32-2700r0.hist,0.69
stack/treiber/32-2800r0.hist,0.71
stack/treiber/32-10000r0.hist,2.94
stack/treiber/32-2900r0.hist,0.72
stack/treiber/32-3000r0.hist,0.78
stack/treiber/32-3100r0.hist,0.78
stack/treiber/32-3200r0.hist,0.82
stack/treiber/32-3300r0.hist,0.86
stack/treiber/32-3400r0.hist,0.90
stack/treiber/32-3500r0.hist,0.88
stack/treiber/32-3600r0.hist,0.93
stack/treiber/32-3700r0.hist,1.00
stack/treiber/32-3800r0.hist,0.96
stack/treiber/32-3900r0.hist,1.01
stack/treiber/32-4000r0.hist,1.13
stack/treiber/32-4100r0.hist,1.20
stack/treiber/32-4200r0.hist,1.15
stack/treiber/32-4300r0.hist,1.23
stack/treiber/32-4400r0.hist,1.24
stack/treiber/32-4500r0.hist,1.26
stack/treiber/32-4600r0.hist,1.31
stack/treiber/32-4700r0.hist,1.25
stack/treiber/32-4800r0.hist,1.42
stack/treiber/32-4900r0.hist,1.46
stack/treiber/32-5000r0.hist,1.43
stack/treiber/32-5100r0.hist,1.48
stack/treiber/32-5200r0.hist,1.61
stack/treiber/32-5300r0.hist,1.54
stack/treiber/32-5400r0.hist,1.55
stack/treiber/32-5500r0.hist,1.64
stack/treiber/32-5600r0.hist,1.60
stack/treiber/32-5700r0.hist,1.60
stack/treiber/32-5800r0.hist,1.72
stack/treiber/32-5900r0.hist,1.64
stack/treiber/32-6000r0.hist,1.79
stack/treiber/32-6100r0.hist,1.81
stack/treiber/32-6200r0.hist,1.77
stack/treiber/32-6300r0.hist,1.70
stack/treiber/32-6400r0.hist,1.87
stack/treiber/32-6500r0.hist,1.80
stack/treiber/32-6600r0.hist,1.94
stack/treiber/32-6700r0.hist,1.93
stack/treiber/32-6800r0.hist,1.81
stack/treiber/32-6900r0.hist,2.09
stack/treiber/32-7000r0.hist,2.02
stack/treiber/32-7100r0.hist,2.12
stack/treiber/32-7200r0.hist,2.17
stack/treiber/32-7300r0.hist,2.22
stack/treiber/32-7400r0.hist,2.31
stack/treiber/32-7500r0.hist,2.40
stack/treiber/32-7600r0.hist,2.30
stack/treiber/32-7700r0.hist,2.31
stack/treiber/32-7800r0.hist,2.33
stack/treiber/32-7900r0.hist,2.49
stack/treiber/32-8000r0.hist,2.52
stack/treiber/32-8100r0.hist,2.32
stack/treiber/32-8200r0.hist,2.46
stack/treiber/32-8300r0.hist,2.55
stack/treiber/32-8400r0.hist,2.45
stack/treiber/32-8500r0.hist,2.53
stack/treiber/32-8600r0.hist,2.70
stack/treiber/32-8700r0.hist,3.05
stack/treiber/32-8900r0.hist,3.13
stack/treiber/32-8800r0.hist,3.23
stack/treiber/32-9000r0.hist,3.38
stack/treiber/32-9100r0.hist,3.33
stack/treiber/32-9200r0.hist,3.32
stack/treiber/32-9300r0.hist,3.46
stack/treiber/32-9400r0.hist,3.51
stack/treiber/8-1000r0.hist,0.38
stack/treiber/8-1100r0.hist,0.32
stack/treiber/8-1200r0.hist,0.38
stack/treiber/8-1300r0.hist,0.30
stack/treiber/32-9500r0.hist,3.53
stack/treiber/8-1400r0.hist,0.39
stack/treiber/8-1500r0.hist,0.44
stack/treiber/32-9700r0.hist,3.16
stack/treiber/8-1600r0.hist,0.39
stack/treiber/32-9600r0.hist,3.34
stack/treiber/8-1700r0.hist,0.44
stack/treiber/8-1800r0.hist,0.42
stack/treiber/8-10000r0.hist,2.57
stack/treiber/8-1900r0.hist,0.45
stack/treiber/8-2000r0.hist,0.48
stack/treiber/8-2100r0.hist,0.50
stack/treiber/8-2200r0.hist,0.53
stack/treiber/32-9800r0.hist,3.53
stack/treiber/8-2300r0.hist,0.66
stack/treiber/8-2400r0.hist,0.63
stack/treiber/8-2500r0.hist,0.61
stack/treiber/32-9900r0.hist,3.53
stack/treiber/8-2600r0.hist,0.76
stack/treiber/8-2700r0.hist,0.80
stack/treiber/8-2800r0.hist,0.79
stack/treiber/8-2900r0.hist,0.74
stack/treiber/8-3100r0.hist,0.76
stack/treiber/8-3000r0.hist,0.80
stack/treiber/8-3200r0.hist,0.90
stack/treiber/8-3300r0.hist,0.79
stack/treiber/8-3400r0.hist,0.90
stack/treiber/8-3500r0.hist,0.79
stack/treiber/8-3600r0.hist,0.96
stack/treiber/8-3700r0.hist,0.89
stack/treiber/8-3800r0.hist,0.90
stack/treiber/8-3900r0.hist,0.97
stack/treiber/8-4000r0.hist,1.04
stack/treiber/8-4100r0.hist,1.12
stack/treiber/8-4300r0.hist,1.02
stack/treiber/8-4200r0.hist,1.07
stack/treiber/8-4400r0.hist,1.14
stack/treiber/8-4500r0.hist,1.12
stack/treiber/8-4600r0.hist,1.34
stack/treiber/8-4700r0.hist,1.28
stack/treiber/8-4800r0.hist,1.22
stack/treiber/8-5000r0.hist,1.36
stack/treiber/8-5100r0.hist,1.35
stack/treiber/8-4900r0.hist,1.40
stack/treiber/8-5200r0.hist,1.30
stack/treiber/8-5300r0.hist,1.45
stack/treiber/8-5500r0.hist,1.33
stack/treiber/8-5400r0.hist,1.58
stack/treiber/8-5600r0.hist,1.30
stack/treiber/8-5700r0.hist,1.27
stack/treiber/8-5900r0.hist,1.41
stack/treiber/8-5800r0.hist,1.42
stack/treiber/8-6000r0.hist,1.38
stack/treiber/8-6100r0.hist,1.39
stack/treiber/8-6200r0.hist,1.43
stack/treiber/8-6300r0.hist,1.39
stack/treiber/8-6400r0.hist,1.47
stack/treiber/8-6500r0.hist,1.53
stack/treiber/8-6600r0.hist,1.49
stack/treiber/8-6700r0.hist,1.66
stack/treiber/8-6800r0.hist,1.64
stack/treiber/8-6900r0.hist,1.45
stack/treiber/8-7000r0.hist,1.55
stack/treiber/8-7100r0.hist,1.61
stack/treiber/8-7200r0.hist,1.72
stack/treiber/8-7300r0.hist,1.76
stack/treiber/8-7400r0.hist,1.83
stack/treiber/8-7500r0.hist,1.65
stack/treiber/8-7600r0.hist,1.64
stack/treiber/8-7700r0.hist,1.89
stack/treiber/8-7900r0.hist,1.79
stack/treiber/8-7800r0.hist,1.98
stack/treiber/8-8000r0.hist,1.89
stack/treiber/8-8100r0.hist,1.85
stack/treiber/8-8200r0.hist,1.86
stack/treiber/8-8300r0.hist,1.92
stack/treiber/8-8400r0.hist,2.02
stack/treiber/8-8500r0.hist,1.81
stack/treiber/8-8700r0.hist,2.06
stack/treiber/8-8600r0.hist,2.08
stack/treiber/8-8800r0.hist,2.15
stack/treiber/8-8900r0.hist,2.00
stack/treiber/8-9100r0.hist,1.89
stack/treiber/8-9000r0.hist,2.13
stack/treiber/8-9200r0.hist,2.08
stack/treiber/8-9300r0.hist,2.25
stack/tsstack/16-1000r0.hist,0.26
stack/treiber/8-9400r0.hist,2.08
stack/tsstack/16-1100r0.hist,0.25
stack/tsstack/16-1200r0.hist,0.25
stack/tsstack/16-1300r0.hist,0.36
stack/treiber/8-9500r0.hist,2.48
stack/tsstack/16-1400r0.hist,0.31
stack/treiber/8-9700r0.hist,2.14
stack/treiber/8-9800r0.hist,2.10
stack/treiber/8-9600r0.hist,2.46
stack/tsstack/16-1600r0.hist,0.34
stack/tsstack/16-1500r0.hist,0.39
stack/treiber/8-9900r0.hist,2.15
stack/tsstack/16-10000r0.hist,1.92
stack/tsstack/16-1800r0.hist,0.43
stack/tsstack/16-1700r0.hist,0.46
stack/tsstack/16-1900r0.hist,0.45
stack/tsstack/16-2000r0.hist,0.45
stack/tsstack/16-2100r0.hist,0.45
stack/tsstack/16-2200r0.hist,0.48
stack/tsstack/16-2300r0.hist,0.47
stack/tsstack/16-2400r0.hist,0.59
stack/tsstack/16-2500r0.hist,0.60
stack/tsstack/16-2600r0.hist,0.66
stack/tsstack/16-2700r0.hist,0.67
stack/tsstack/16-2800r0.hist,0.71
stack/tsstack/16-3000r0.hist,0.67
stack/tsstack/16-2900r0.hist,0.74
stack/tsstack/16-3100r0.hist,0.74
stack/tsstack/16-3200r0.hist,0.77
stack/tsstack/16-3300r0.hist,0.79
stack/tsstack/16-3400r0.hist,0.75
stack/tsstack/16-3500r0.hist,0.79
stack/tsstack/16-3800r0.hist,0.82
stack/tsstack/16-3600r0.hist,0.94
stack/tsstack/16-3900r0.hist,0.98
stack/tsstack/16-3700r0.hist,1.13
stack/tsstack/16-4000r0.hist,0.99
stack/tsstack/16-4100r0.hist,0.94
stack/tsstack/16-4200r0.hist,0.98
stack/tsstack/16-4300r0.hist,0.94
stack/tsstack/16-4500r0.hist,0.97
stack/tsstack/16-4400r0.hist,1.05
stack/tsstack/16-4700r0.hist,0.97
stack/tsstack/16-4600r0.hist,1.03
stack/tsstack/16-4800r0.hist,1.01
stack/tsstack/16-4900r0.hist,1.00
stack/tsstack/16-5000r0.hist,1.03
stack/tsstack/16-5100r0.hist,1.07
stack/tsstack/16-5300r0.hist,1.09
stack/tsstack/16-5200r0.hist,1.13
stack/tsstack/16-5400r0.hist,1.07
stack/tsstack/16-5500r0.hist,1.09
stack/tsstack/16-5600r0.hist,1.07
stack/tsstack/16-5700r0.hist,1.11
stack/tsstack/16-5800r0.hist,1.13
stack/tsstack/16-5900r0.hist,1.25
stack/tsstack/16-6000r0.hist,1.20
stack/tsstack/16-6100r0.hist,1.20
stack/tsstack/16-6200r0.hist,1.20
stack/tsstack/16-6300r0.hist,1.28
stack/tsstack/16-6400r0.hist,1.20
stack/tsstack/16-6500r0.hist,1.20
stack/tsstack/16-6600r0.hist,1.35
stack/tsstack/16-6700r0.hist,1.39
stack/tsstack/16-6800r0.hist,1.27
stack/tsstack/16-6900r0.hist,1.28
stack/tsstack/16-7000r0.hist,1.29
stack/tsstack/16-7100r0.hist,1.33
stack/tsstack/16-7200r0.hist,1.35
stack/tsstack/16-7300r0.hist,1.45
stack/tsstack/16-7400r0.hist,1.41
stack/tsstack/16-7500r0.hist,1.72
stack/tsstack/16-7700r0.hist,1.57
stack/tsstack/16-7800r0.hist,1.57
stack/tsstack/16-7900r0.hist,1.59
stack/tsstack/16-7600r0.hist,2.02
stack/tsstack/16-8000r0.hist,1.68
stack/tsstack/16-8100r0.hist,1.71
stack/tsstack/16-8200r0.hist,1.72
stack/tsstack/16-8300r0.hist,1.61
stack/tsstack/16-8400r0.hist,1.71
stack/tsstack/16-8500r0.hist,1.97
stack/tsstack/16-8800r0.hist,1.74
stack/tsstack/16-8700r0.hist,1.96
stack/tsstack/16-8600r0.hist,2.05
stack/tsstack/16-8900r0.hist,1.75
stack/tsstack/16-9000r0.hist,1.83
stack/tsstack/16-9100r0.hist,1.65
stack/tsstack/16-9200r0.hist,1.76
stack/tsstack/16-9300r0.hist,1.80
stack/tsstack/32-1000r0.hist,0.24
stack/tsstack/16-9500r0.hist,1.86
stack/tsstack/16-9400r0.hist,1.93
stack/tsstack/16-9600r0.hist,1.87
stack/tsstack/16-9700r0.hist,1.93
stack/tsstack/32-1100r0.hist,0.29
stack/tsstack/32-1200r0.hist,0.32
stack/tsstack/32-1300r0.hist,0.34
stack/tsstack/32-1400r0.hist,0.36
stack/tsstack/32-1500r0.hist,0.37
stack/tsstack/32-1600r0.hist,0.40
stack/tsstack/16-9800r0.hist,2.08
stack/tsstack/32-1700r0.hist,0.44
stack/tsstack/32-1800r0.hist,0.46
stack/tsstack/32-1900r0.hist,0.45
stack/tsstack/32-2000r0.hist,0.49
stack/tsstack/32-2100r0.hist,0.56
stack/tsstack/32-2200r0.hist,0.51
stack/tsstack/32-10000r0.hist,2.03
stack/tsstack/32-2300r0.hist,0.48
stack/tsstack/16-9900r0.hist,2.34
stack/tsstack/32-2400r0.hist,0.54
stack/tsstack/32-2500r0.hist,0.58
stack/tsstack/32-2600r0.hist,0.68
stack/tsstack/32-2700r0.hist,0.72
stack/tsstack/32-2800r0.hist,0.71
stack/tsstack/32-3000r0.hist,0.70
stack/tsstack/32-2900r0.hist,0.73
stack/tsstack/32-3100r0.hist,0.80
stack/tsstack/32-3200r0.hist,0.71
stack/tsstack/32-3300r0.hist,0.81
stack/tsstack/32-3400r0.hist,0.70
stack/tsstack/32-3500r0.hist,0.71
stack/tsstack/32-3600r0.hist,0.74
stack/tsstack/32-3700r0.hist,0.76
stack/tsstack/32-3800r0.hist,0.83
stack/tsstack/32-3900r0.hist,0.78
stack/tsstack/32-4000r0.hist,0.84
stack/tsstack/32-4100r0.hist,0.81
stack/tsstack/32-4200r0.hist,0.78
stack/tsstack/32-4300r0.hist,0.87
stack/tsstack/32-4400r0.hist,0.96
stack/tsstack/32-4500r0.hist,0.93
stack/tsstack/32-4600r0.hist,0.97
stack/tsstack/32-4700r0.hist,0.94
stack/tsstack/32-4800r0.hist,1.14
stack/tsstack/32-4900r0.hist,1.02
stack/tsstack/32-5000r0.hist,1.02
stack/tsstack/32-5100r0.hist,1.05
stack/tsstack/32-5200r0.hist,1.11
stack/tsstack/32-5300r0.hist,1.13
stack/tsstack/32-5400r0.hist,1.13
stack/tsstack/32-5500r0.hist,1.15
stack/tsstack/32-5600r0.hist,1.21
stack/tsstack/32-5700r0.hist,1.40
stack/tsstack/32-5800r0.hist,1.49
stack/tsstack/32-5900r0.hist,1.53
stack/tsstack/32-6100r0.hist,1.91
stack/tsstack/32-6000r0.hist,2.10
stack/tsstack/32-6200r0.hist,1.92
stack/tsstack/32-6300r0.hist,2.05
stack/tsstack/32-6400r0.hist,2.12
stack/tsstack/32-6500r0.hist,2.18
stack/tsstack/32-6600r0.hist,2.04
stack/tsstack/32-6700r0.hist,1.89
stack/tsstack/32-6900r0.hist,1.64
stack/tsstack/32-6800r0.hist,2.04
stack/tsstack/32-7000r0.hist,1.91
stack/tsstack/32-7100r0.hist,2.02
stack/tsstack/32-7200r0.hist,1.94
stack/tsstack/32-7300r0.hist,1.99
stack/tsstack/32-7400r0.hist,1.92
stack/tsstack/32-7500r0.hist,1.90
stack/tsstack/32-7600r0.hist,1.79
stack/tsstack/32-7800r0.hist,1.80
stack/tsstack/32-7700r0.hist,1.83
stack/tsstack/32-7900r0.hist,1.66
stack/tsstack/32-8000r0.hist,1.74
stack/tsstack/32-8100r0.hist,1.69
stack/tsstack/32-8200r0.hist,1.69
stack/tsstack/32-8300r0.hist,1.77
stack/tsstack/32-8400r0.hist,1.62
stack/tsstack/32-8500r0.hist,1.71
stack/tsstack/32-8600r0.hist,1.77
stack/tsstack/32-8700r0.hist,1.69
stack/tsstack/32-8800r0.hist,1.64
stack/tsstack/32-8900r0.hist,1.73
stack/tsstack/32-9000r0.hist,1.82
stack/tsstack/32-9100r0.hist,2.01
stack/tsstack/32-9200r0.hist,1.98
stack/tsstack/32-9300r0.hist,2.01
stack/tsstack/32-9400r0.hist,2.16
stack/tsstack/32-9500r0.hist,2.20
stack/tsstack/8-1000r0.hist,0.30
stack/tsstack/8-1100r0.hist,0.31
stack/tsstack/8-1200r0.hist,0.33
stack/tsstack/8-1300r0.hist,0.34
stack/tsstack/32-9600r0.hist,2.22
stack/tsstack/8-1400r0.hist,0.35
stack/tsstack/32-9700r0.hist,2.14
stack/tsstack/8-1500r0.hist,0.41
stack/tsstack/8-1600r0.hist,0.34
stack/tsstack/8-1700r0.hist,0.36
stack/tsstack/8-1800r0.hist,0.47
stack/tsstack/32-9800r0.hist,2.41
stack/tsstack/8-1900r0.hist,0.48
stack/tsstack/8-2000r0.hist,0.51
stack/tsstack/8-2100r0.hist,0.51
stack/tsstack/8-2200r0.hist,0.58
stack/tsstack/32-9900r0.hist,2.40
stack/tsstack/8-2300r0.hist,0.56
stack/tsstack/8-2400r0.hist,0.65
stack/tsstack/8-10000r0.hist,2.57
stack/tsstack/8-2500r0.hist,0.62
stack/tsstack/8-2600r0.hist,0.65
stack/tsstack/8-2700r0.hist,0.68
stack/tsstack/8-2800r0.hist,0.70
stack/tsstack/8-2900r0.hist,0.72
stack/tsstack/8-3000r0.hist,0.79
stack/tsstack/8-3200r0.hist,0.73
stack/tsstack/8-3100r0.hist,0.80
stack/tsstack/8-3300r0.hist,0.79
stack/tsstack/8-3400r0.hist,0.75
stack/tsstack/8-3500r0.hist,0.81
stack/tsstack/8-3600r0.hist,0.81
stack/tsstack/8-3700r0.hist,0.75
stack/tsstack/8-4100r0.hist,0.81
stack/tsstack/8-3900r0.hist,0.95
stack/tsstack/8-3800r0.hist,1.02
stack/tsstack/8-4000r0.hist,1.02
stack/tsstack/8-4200r0.hist,0.89
stack/tsstack/8-4300r0.hist,0.84
stack/tsstack/8-4400r0.hist,0.91
stack/tsstack/8-4500r0.hist,0.89
stack/tsstack/8-4600r0.hist,0.88
stack/tsstack/8-4700r0.hist,0.99
stack/tsstack/8-4900r0.hist,0.91
stack/tsstack/8-4800r0.hist,1.10
stack/tsstack/8-5000r0.hist,1.08
stack/tsstack/8-5100r0.hist,1.09
stack/tsstack/8-5200r0.hist,1.02
stack/tsstack/8-5300r0.hist,1.13
stack/tsstack/8-5400r0.hist,1.18
stack/tsstack/8-5500r0.hist,1.16
stack/tsstack/8-5600r0.hist,1.20
stack/tsstack/8-5800r0.hist,1.27
stack/tsstack/8-5900r0.hist,1.26
stack/tsstack/8-5700r0.hist,1.36
stack/tsstack/8-6000r0.hist,1.24
stack/tsstack/8-6100r0.hist,1.28
stack/tsstack/8-6200r0.hist,1.30
stack/tsstack/8-6400r0.hist,1.27
stack/tsstack/8-6300r0.hist,1.33
stack/tsstack/8-6500r0.hist,1.31
stack/tsstack/8-6600r0.hist,1.36
stack/tsstack/8-6700r0.hist,1.44
stack/tsstack/8-6800r0.hist,1.54
stack/tsstack/8-6900r0.hist,1.41
stack/tsstack/8-7000r0.hist,1.61
stack/tsstack/8-7200r0.hist,1.55
stack/tsstack/8-7100r0.hist,1.69
stack/tsstack/8-7300r0.hist,1.48
stack/tsstack/8-7400r0.hist,1.62
stack/tsstack/8-7500r0.hist,1.67
stack/tsstack/8-7600r0.hist,1.75
stack/tsstack/8-7700r0.hist,1.65
stack/tsstack/8-7800r0.hist,1.54
stack/tsstack/8-7900r0.hist,1.98
stack/tsstack/8-8100r0.hist,1.87
stack/tsstack/8-8000r0.hist,2.10
stack/tsstack/8-8200r0.hist,1.92
stack/tsstack/8-8300r0.hist,2.01
stack/tsstack/8-8500r0.hist,2.05
stack/tsstack/8-8400r0.hist,2.19
stack/tsstack/8-8600r0.hist,2.00
stack/tsstack/8-8700r0.hist,1.76
stack/tsstack/8-8800r0.hist,1.80
stack/tsstack/8-8900r0.hist,1.78
stack/tsstack/8-9000r0.hist,2.02
stack/tsstack/8-9100r0.hist,1.97
stack/tsstack/8-9300r0.hist,1.82
stack/tsstack/8-9200r0.hist,2.05
stack/tsstack_unlin/16-1000r0.hist,0.28
stack/tsstack/8-9400r0.hist,2.14
stack/tsstack_unlin/16-1100r0.hist,0.38
stack/tsstack_unlin/16-1200r0.hist,0.31
stack/tsstack/8-9500r0.hist,2.26
stack/tsstack/8-9700r0.hist,2.02
stack/tsstack_unlin/16-1300r0.hist,0.33
stack/tsstack/8-9600r0.hist,2.30
stack/tsstack_unlin/16-1400r0.hist,0.31
stack/tsstack_unlin/16-1500r0.hist,0.36
stack/tsstack_unlin/16-1600r0.hist,0.37
stack/tsstack/8-9800r0.hist,2.17
stack/tsstack_unlin/16-1700r0.hist,0.45
stack/tsstack_unlin/16-1900r0.hist,0.41
stack/tsstack_unlin/16-1800r0.hist,0.44
stack/tsstack_unlin/16-2000r0.hist,0.42
stack/tsstack/8-9900r0.hist,2.27
stack/tsstack_unlin/16-2100r0.hist,0.47
stack/tsstack_unlin/16-2200r0.hist,0.47
stack/tsstack_unlin/16-2300r0.hist,0.49
stack/tsstack_unlin/16-2400r0.hist,0.50
stack/tsstack_unlin/16-10000r0.hist,2.31
stack/tsstack_unlin/16-2500r0.hist,0.59
stack/tsstack_unlin/16-2600r0.hist,0.52
stack/tsstack_unlin/16-2700r0.hist,0.55
stack/tsstack_unlin/16-2800r0.hist,0.57
stack/tsstack_unlin/16-2900r0.hist,0.58
stack/tsstack_unlin/16-3000r0.hist,0.69
stack/tsstack_unlin/16-3100r0.hist,0.76
stack/tsstack_unlin/16-3200r0.hist,0.78
stack/tsstack_unlin/16-3300r0.hist,0.75
stack/tsstack_unlin/16-3400r0.hist,0.82
stack/tsstack_unlin/16-3500r0.hist,0.82
stack/tsstack_unlin/16-3600r0.hist,0.80
stack/tsstack_unlin/16-3700r0.hist,0.87
stack/tsstack_unlin/16-3800r0.hist,0.89
stack/tsstack_unlin/16-3900r0.hist,0.83
stack/tsstack_unlin/16-4000r0.hist,0.88
stack/tsstack_unlin/16-4100r0.hist,1.03
stack/tsstack_unlin/16-4200r0.hist,1.01
stack/tsstack_unlin/16-4300r0.hist,0.97
stack/tsstack_unlin/16-4400r0.hist,0.96
stack/tsstack_unlin/16-4500r0.hist,0.97
stack/tsstack_unlin/16-4600r0.hist,1.04
stack/tsstack_unlin/16-4700r0.hist,1.02
stack/tsstack_unlin/16-4900r0.hist,0.93
stack/tsstack_unlin/16-4800r0.hist,1.15
stack/tsstack_unlin/16-5200r0.hist,1.09
stack/tsstack_unlin/16-5100r0.hist,1.14
stack/tsstack_unlin/16-5000r0.hist,1.23
stack/tsstack_unlin/16-5300r0.hist,1.32
stack/tsstack_unlin/16-5500r0.hist,1.29
stack/tsstack_unlin/16-5400r0.hist,1.43
stack/tsstack_unlin/16-5600r0.hist,1.20
stack/tsstack_unlin/16-5700r0.hist,1.21
stack/tsstack_unlin/16-5800r0.hist,1.24
stack/tsstack_unlin/16-6000r0.hist,1.30
stack/tsstack_unlin/16-5900r0.hist,1.48
stack/tsstack_unlin/16-6100r0.hist,1.29
stack/tsstack_unlin/16-6200r0.hist,1.37
stack/tsstack_unlin/16-6400r0.hist,1.29
stack/tsstack_unlin/16-6300r0.hist,1.37
stack/tsstack_unlin/16-6500r0.hist,1.37
stack/tsstack_unlin/16-6600r0.hist,1.44
stack/tsstack_unlin/16-6700r0.hist,1.41
stack/tsstack_unlin/16-6800r0.hist,1.54
stack/tsstack_unlin/16-6900r0.hist,1.48
stack/tsstack_unlin/16-7000r0.hist,1.47
stack/tsstack_unlin/16-7300r0.hist,1.44
stack/tsstack_unlin/16-7100r0.hist,1.56
stack/tsstack_unlin/16-7200r0.hist,1.54
stack/tsstack_unlin/16-7400r0.hist,1.66
stack/tsstack_unlin/16-7500r0.hist,1.65
stack/tsstack_unlin/16-7600r0.hist,1.69
stack/tsstack_unlin/16-7700r0.hist,1.66
stack/tsstack_unlin/16-7800r0.hist,1.69
stack/tsstack_unlin/16-7900r0.hist,1.69
stack/tsstack_unlin/16-8000r0.hist,1.77
stack/tsstack_unlin/16-8100r0.hist,1.88
stack/tsstack_unlin/16-8200r0.hist,1.64
stack/tsstack_unlin/16-8300r0.hist,1.85
stack/tsstack_unlin/16-8400r0.hist,1.83
stack/tsstack_unlin/16-8500r0.hist,1.83
stack/tsstack_unlin/16-8600r0.hist,1.71
stack/tsstack_unlin/16-8700r0.hist,1.91
stack/tsstack_unlin/16-8800r0.hist,1.82
stack/tsstack_unlin/16-8900r0.hist,2.04
stack/tsstack_unlin/16-9000r0.hist,1.89
stack/tsstack_unlin/16-9100r0.hist,1.97
stack/tsstack_unlin/16-9200r0.hist,2.12
stack/tsstack_unlin/16-9300r0.hist,2.09
stack/tsstack_unlin/16-9400r0.hist,1.98
stack/tsstack_unlin/32-1000r0.hist,0.27
stack/tsstack_unlin/32-1100r0.hist,0.29
stack/tsstack_unlin/16-9500r0.hist,2.02
stack/tsstack_unlin/16-9600r0.hist,2.09
stack/tsstack_unlin/32-1200r0.hist,0.34
stack/tsstack_unlin/32-1300r0.hist,0.31
stack/tsstack_unlin/16-9700r0.hist,2.05
stack/tsstack_unlin/32-1400r0.hist,0.35
stack/tsstack_unlin/32-1500r0.hist,0.35
stack/tsstack_unlin/32-1600r0.hist,0.41
stack/tsstack_unlin/32-1800r0.hist,0.44
stack/tsstack_unlin/16-9800r0.hist,2.30
stack/tsstack_unlin/32-1700r0.hist,0.50
stack/tsstack_unlin/16-9900r0.hist,1.96
stack/tsstack_unlin/32-1900r0.hist,0.45
stack/tsstack_unlin/32-2000r0.hist,0.50
stack/tsstack_unlin/32-2100r0.hist,0.50
stack/tsstack_unlin/32-2200r0.hist,0.52
stack/tsstack_unlin/32-2300r0.hist,0.54
stack/tsstack_unlin/32-2400r0.hist,0.59
stack/tsstack_unlin/32-2500r0.hist,0.58
stack/tsstack_unlin/32-10000r0.hist,2.12
stack/tsstack_unlin/32-2600r0.hist,0.62
stack/tsstack_unlin/32-2700r0.hist,0.71
stack/tsstack_unlin/32-2800r0.hist,0.67
stack/tsstack_unlin/32-2900r0.hist,0.69
stack/tsstack_unlin/32-3000r0.hist,0.72
stack/tsstack_unlin/32-3100r0.hist,0.73
stack/tsstack_unlin/32-3200r0.hist,0.78
stack/tsstack_unlin/32-3400r0.hist,0.78
stack/tsstack_unlin/32-3300r0.hist,0.80
stack/tsstack_unlin/32-3600r0.hist,0.79
stack/tsstack_unlin/32-3500r0.hist,0.93
stack/tsstack_unlin/32-3700r0.hist,0.84
stack/tsstack_unlin/32-3800r0.hist,0.75
stack/tsstack_unlin/32-3900r0.hist,0.85
stack/tsstack_unlin/32-4000r0.hist,0.94
stack/tsstack_unlin/32-4100r0.hist,0.91
stack/tsstack_unlin/32-4200r0.hist,0.91
stack/tsstack_unlin/32-4300r0.hist,1.00
stack/tsstack_unlin/32-4400r0.hist,0.96
stack/tsstack_unlin/32-4600r0.hist,1.01
stack/tsstack_unlin/32-4500r0.hist,1.05
stack/tsstack_unlin/32-4700r0.hist,0.99
stack/tsstack_unlin/32-4800r0.hist,1.07
stack/tsstack_unlin/32-5000r0.hist,1.11
stack/tsstack_unlin/32-4900r0.hist,1.15
stack/tsstack_unlin/32-5100r0.hist,1.09
stack/tsstack_unlin/32-5200r0.hist,1.11
stack/tsstack_unlin/32-5300r0.hist,1.19
stack/tsstack_unlin/32-5400r0.hist,1.18
stack/tsstack_unlin/32-5500r0.hist,1.22
stack/tsstack_unlin/32-5600r0.hist,1.20
stack/tsstack_unlin/32-5700r0.hist,1.22
stack/tsstack_unlin/32-5800r0.hist,1.34
stack/tsstack_unlin/32-5900r0.hist,1.29
stack/tsstack_unlin/32-6000r0.hist,1.27
stack/tsstack_unlin/32-6200r0.hist,1.45
stack/tsstack_unlin/32-6100r0.hist,1.49
stack/tsstack_unlin/32-6300r0.hist,1.53
stack/tsstack_unlin/32-6500r0.hist,1.45
stack/tsstack_unlin/32-6400r0.hist,1.59
stack/tsstack_unlin/32-6600r0.hist,1.56
stack/tsstack_unlin/32-6700r0.hist,1.54
stack/tsstack_unlin/32-6800r0.hist,1.58
stack/tsstack_unlin/32-6900r0.hist,1.38
stack/tsstack_unlin/32-7000r0.hist,1.44
stack/tsstack_unlin/32-7100r0.hist,1.55
stack/tsstack_unlin/32-7200r0.hist,1.55
stack/tsstack_unlin/32-7300r0.hist,1.63
stack/tsstack_unlin/32-7400r0.hist,1.70
stack/tsstack_unlin/32-7600r0.hist,1.61
stack/tsstack_unlin/32-7500r0.hist,1.73
stack/tsstack_unlin/32-7700r0.hist,1.66
stack/tsstack_unlin/32-7800r0.hist,1.63
stack/tsstack_unlin/32-7900r0.hist,1.58
stack/tsstack_unlin/32-8000r0.hist,1.69
stack/tsstack_unlin/32-8100r0.hist,1.81
stack/tsstack_unlin/32-8300r0.hist,1.69
stack/tsstack_unlin/32-8200r0.hist,1.93
stack/tsstack_unlin/32-8400r0.hist,1.86
stack/tsstack_unlin/32-8500r0.hist,1.76
stack/tsstack_unlin/32-8600r0.hist,1.95
stack/tsstack_unlin/32-8700r0.hist,1.84
stack/tsstack_unlin/32-8800r0.hist,1.89
stack/tsstack_unlin/32-8900r0.hist,1.81
stack/tsstack_unlin/32-9000r0.hist,1.98
stack/tsstack_unlin/32-9100r0.hist,2.02
stack/tsstack_unlin/32-9200r0.hist,1.95
stack/tsstack_unlin/32-9300r0.hist,2.14
stack/tsstack_unlin/32-9400r0.hist,2.02
stack/tsstack_unlin/32-9500r0.hist,1.92
stack/tsstack_unlin/8-1000r0.hist,0.21
stack/tsstack_unlin/8-1100r0.hist,0.25
stack/tsstack_unlin/8-1200r0.hist,0.26
stack/tsstack_unlin/8-1300r0.hist,0.30
stack/tsstack_unlin/32-9700r0.hist,1.88
stack/tsstack_unlin/8-1400r0.hist,0.30
stack/tsstack_unlin/8-1500r0.hist,0.34
stack/tsstack_unlin/32-9600r0.hist,2.15
stack/tsstack_unlin/8-1600r0.hist,0.38
stack/tsstack_unlin/8-1700r0.hist,0.43
stack/tsstack_unlin/8-1800r0.hist,0.43
stack/tsstack_unlin/8-1900r0.hist,0.47
stack/tsstack_unlin/8-2000r0.hist,0.55
stack/tsstack_unlin/8-2100r0.hist,0.49
stack/tsstack_unlin/32-9900r0.hist,2.13
stack/tsstack_unlin/32-9800r0.hist,2.21
stack/tsstack_unlin/8-2200r0.hist,0.43
stack/tsstack_unlin/8-2300r0.hist,0.50
stack/tsstack_unlin/8-10000r0.hist,2.31
stack/tsstack_unlin/8-2400r0.hist,0.52
stack/tsstack_unlin/8-2500r0.hist,0.52
stack/tsstack_unlin/8-2700r0.hist,0.52
stack/tsstack_unlin/8-2800r0.hist,0.60
stack/tsstack_unlin/8-2600r0.hist,0.67
stack/tsstack_unlin/8-2900r0.hist,0.63
stack/tsstack_unlin/8-3000r0.hist,0.59
stack/tsstack_unlin/8-3200r0.hist,0.61
stack/tsstack_unlin/8-3100r0.hist,0.69
stack/tsstack_unlin/8-3300r0.hist,0.75
stack/tsstack_unlin/8-3400r0.hist,0.72
stack/tsstack_unlin/8-3500r0.hist,0.70
stack/tsstack_unlin/8-3600r0.hist,0.81
stack/tsstack_unlin/8-3700r0.hist,0.89
stack/tsstack_unlin/8-3800r0.hist,0.88
stack/tsstack_unlin/8-3900r0.hist,1.00
stack/tsstack_unlin/8-4000r0.hist,0.97
stack/tsstack_unlin/8-4100r0.hist,0.94
stack/tsstack_unlin/8-4200r0.hist,0.97
stack/tsstack_unlin/8-4300r0.hist,0.95
stack/tsstack_unlin/8-4400r0.hist,1.01
stack/tsstack_unlin/8-4500r0.hist,1.07
stack/tsstack_unlin/8-4600r0.hist,1.08
stack/tsstack_unlin/8-4700r0.hist,1.13
stack/tsstack_unlin/8-4800r0.hist,1.15
stack/tsstack_unlin/8-4900r0.hist,1.08
stack/tsstack_unlin/8-5000r0.hist,1.12
stack/tsstack_unlin/8-5100r0.hist,1.20
stack/tsstack_unlin/8-5200r0.hist,1.04
stack/tsstack_unlin/8-5300r0.hist,1.09
stack/tsstack_unlin/8-5400r0.hist,1.16
stack/tsstack_unlin/8-5500r0.hist,1.16
stack/tsstack_unlin/8-5600r0.hist,1.17
stack/tsstack_unlin/8-5700r0.hist,1.26
stack/tsstack_unlin/8-5800r0.hist,1.25
stack/tsstack_unlin/8-5900r0.hist,1.35
stack/tsstack_unlin/8-6000r0.hist,1.39
stack/tsstack_unlin/8-6100r0.hist,1.46
stack/tsstack_unlin/8-6200r0.hist,1.39
stack/tsstack_unlin/8-6300r0.hist,1.52
stack/tsstack_unlin/8-6400r0.hist,1.60
stack/tsstack_unlin/8-6500r0.hist,1.64
stack/tsstack_unlin/8-6600r0.hist,1.50
stack/tsstack_unlin/8-6700r0.hist,1.73
stack/tsstack_unlin/8-6900r0.hist,1.75
stack/tsstack_unlin/8-6800r0.hist,2.15
stack/tsstack_unlin/8-7000r0.hist,2.06
stack/tsstack_unlin/8-7100r0.hist,1.66
stack/tsstack_unlin/8-7200r0.hist,1.60
stack/tsstack_unlin/8-7300r0.hist,1.62
stack/tsstack_unlin/8-7400r0.hist,1.61
stack/tsstack_unlin/8-7500r0.hist,1.66
stack/tsstack_unlin/8-7600r0.hist,1.60
stack/tsstack_unlin/8-7700r0.hist,1.61
stack/tsstack_unlin/8-7800r0.hist,1.53
stack/tsstack_unlin/8-7900r0.hist,1.52
stack/tsstack_unlin/8-8000r0.hist,1.62
stack/tsstack_unlin/8-8200r0.hist,1.55
stack/tsstack_unlin/8-8100r0.hist,1.78
stack/tsstack_unlin/8-8300r0.hist,1.71
stack/tsstack_unlin/8-8400r0.hist,1.85
stack/tsstack_unlin/8-8500r0.hist,1.78
stack/tsstack_unlin/8-8600r0.hist,1.88
stack/tsstack_unlin/8-8700r0.hist,1.94
stack/tsstack_unlin/8-8800r0.hist,1.77
stack/tsstack_unlin/8-8900r0.hist,1.74
stack/tsstack_unlin/8-9000r0.hist,1.91
stack/tsstack_unlin/8-9100r0.hist,1.94
stack/tsstack_unlin/8-9300r0.hist,1.79
stack/tsstack_unlin/8-9200r0.hist,1.87
stack/tsstack_unlin/8-9500r0.hist,1.71
stack/tsstack_unlin/8-9400r0.hist,1.84
stack/tsstack_unlin/8-9600r0.hist,1.88
stack/tsstack_unlin/8-9700r0.hist,1.90
stack/tsstack_unlin/8-9800r0.hist,1.70
stack/tsstack_unlin/8-9900r0.hist,1.44
